{"cameraMode":{"drawMode":0,"name":"Shaded","section":"Shading Mode"},"sceneLighting":false,"audioPlay":false,"sceneViewState":{"showFog":true,"showMaterialUpdate":false,"showSkybox":true,"showFlares":true,"showImageEffects":true,"showParticleSystems":true},"in2DMode":false,"pivot":{"x":44.130001068115237,"y":6.069999694824219,"z":9.189998626708985},"rotation":{"x":-0.08566062897443772,"y":-0.49183377623558047,"z":-0.04872770607471466,"w":0.8653042912483215},"size":18.290679931640626,"orthographic":false}