{"cameraMode":{"drawMode":0,"name":"Shaded","section":"Shading Mode"},"sceneLighting":false,"audioPlay":false,"sceneViewState":{"showFog":true,"showMaterialUpdate":false,"showSkybox":false,"showFlares":true,"showImageEffects":true,"showParticleSystems":true},"in2DMode":false,"pivot":{"x":-2.3448679447174074,"y":2.3058557510375978,"z":0.05260014533996582},"rotation":{"x":-0.002925894921645522,"y":-0.9750096797943115,"z":0.2219344824552536,"w":-0.012880994006991387},"size":11.666523933410645,"orthographic":false}