{"cameraMode":{"drawMode":0,"name":"Shaded","section":"Shading Mode"},"sceneLighting":false,"audioPlay":false,"sceneViewState":{"showFog":true,"showMaterialUpdate":false,"showSkybox":false,"showFlares":true,"showImageEffects":true,"showParticleSystems":true},"in2DMode":false,"pivot":{"x":0.0002459287643432617,"y":0.23168233036994935,"z":-0.04735243320465088},"rotation":{"x":-0.3045874238014221,"y":-0.08644407242536545,"z":0.02772597409784794,"w":-0.9482118487358093},"size":3.8525822162628176,"orthographic":false}