{"cameraMode":{"drawMode":0,"name":"Shaded","section":"Shading Mode"},"sceneLighting":true,"audioPlay":false,"sceneViewState":{"showFog":true,"showMaterialUpdate":false,"showSkybox":true,"showFlares":true,"showImageEffects":true,"showParticleSystems":true},"in2DMode":false,"pivot":{"x":19.85832977294922,"y":4.178133010864258,"z":27.829978942871095},"rotation":{"x":0.041964005678892139,"y":0.036550357937812808,"z":-0.0014723626663908363,"w":0.9985225796699524},"size":37.783206939697269,"orthographic":false}